Job Title,Company,Salary Estimate,Job Description,Rating,Location,Size,Founded,Type of ownership,Industry,Sector,Revenue
Digital Marketing Analyst,White Water Marine Hardware,"$67,500","About Us:
White Water Marine Hardware is a wholesale distributor of stainless steel marine hardware for boating. We import marine hardware from our factories, stock in our two locations (California and Florida) and we sell to some of the best boat builders in the country! This role is for our in-person Chino, California location.
Aside from our B2B operation, we also sell through various aftermarket platforms such as Amazon, Ebay, Walmart, and our own sister company website marinedepotdirect.com There will be plenty of on-the-job training, so you don’t have to worry about being familiar with boats, boating, or the hardware to start!
Company Culture:
We’re a team full of passionate and engaged people focused on making a difference. A successful candidate works well in a dynamic environment with minimal supervision. We pitch in and help each other to get the job done, but we also mix in some company fun! We try for monthly company lunches, a relaxed and friendly atmosphere, and a good mix of conversation and fun! We also take everybody’s ideas seriously. So, if you have an idea for improvement, you can expect to be heard and respected.",-1,"Chino, CA",-1,-1,-1,-1,-1,-1
Marketing Analyst,Mathnasium Learning Centers,"$72,753","Job Description
With over 1,100 franchised learning centers worldwide, Mathnasium is a must-have resource for families who
want to ensure their kids meet their full academic potential. The home office marketing team is responsible for
supporting local center owner marketing efforts, driving national marketing campaigns, and increasing the
number of center owners opening new locations. The Marketing Analyst role will support centralized marketing
initiatives by taking a deep dive into data and evaluating performance, business impact and missed opportunities",4.1,"Los Angeles, CA",1001 to 5000 Employees,2002,Company - Private,Education & Training Services,Education,Unknown / Non-Applicable
Digital Marketing Analyst,the JRT agency,"$82,500","Are you an avid analytical explorer of the digital marketing landscape, from ideation to conversion to optimization? The JRT agency® is in search of a passionate Digital Marketing Analyst to lead our reporting and apply content strategies that provide ongoing growth of web analytics, search results, social data, and trend analyses. This individual is our driving force to measure and maximize results, whether it’s launching a new campaign or digital platform or optimizing the results of our ongoing programs. But it isn’t just about analytics, it’s about being a catalyst for performance success across the entire digital marketing spectrum.
Responsibilities:
Analytics Mastery: Guide, support and manage all marketing analytics activities; UTM code planning, Google Tag Manager implementation, GA4 metrics, queries and data manipulation. Create Looker Studio dashboards and custom reports, taking the lead with analysis and presentation of findings to internal stakeholders.",-1,"Farmington Hills, MI",-1,-1,-1,-1,-1,-1
Product Information Management (PIM) Marketing Analyst,nVent,"$79,861","We’re looking for people who put their innovation to work to advance our success – and their own. Join an organization that ensures a more secure world through connecting and protecting our customers with inventive electrical solutions.
Location: Milwaukee metro area - hybrid position (3 days working in office, 2 days working from home)
What You Will Experience In This Position
Product Data Management
Gather, input, analyze, reconcile and organize commercial product data in product information management (PIM) systems from a variety of sources and stakeholders.
Be the owner and point person in the business segment for product data by being the lead for data enrichment, syndication support and day-to-day management.

#LI-Hybrid
#LI-CO1
#INDOTH",3.8,"New Berlin, WI",10000+ Employees,2018,Company - Public,Electronics Manufacturing,Manufacturing,$1 to $5 billion (USD)
Marketing Analyst (Design and Innovation),"Gems Group, Inc","$50,000","The Gig – Overview
At gems, much of our success can be attributed to the strength of our brand division, DNI. The marketing coordinator will contribute to existing programs while assisting with the development of new initiatives aligned with our company and clients’ goals. The ideal candidate will have experience in a wide range of marketing functions, including communications, advertising, branding, and digital. This role must be highly skilled in multitasking and meet tight deadlines.
What You’ll be Up to - Essential Functions
· Assists in developing and implementing the gems’s brand strategy
· Develops marketing strategies by optimizing processes, content, and lead generation for both immediate and long-term business goals.",-1,"Miami, FL",-1,-1,-1,-1,-1,-1
Marketing Insights Analyst,Communica,"$66,000","OVERVIEW – JOB DESCRIPTION:
Communica is an integrated advertising, marketing and public relations firm headquartered in Toledo’s Warehouse District with regional offices in Charlotte, Columbus and Detroit. We partnered with our first client in 1988 and they are still our client today, growing as we grow.
For more than 30 years, Communica has developed award-winning, high-impact campaigns for regional, national and international organizations by engaging with their core audiences and growing awareness, building preference and increasing revenue for their brands.
We are currently seeking a self-motivated, results oriented MARKETING INSIGHTS ANALYST.
We’re looking for a dynamic data storyteller with digital advertising experience to bolster the core reporting and analytics services we provide to our clients. If you’re part data gatherer, part business analyst and you enjoy using data to drive effective marketing and communication strategies, you have an exciting opportunity to grow with Communica. We believe you will love working with us as we have a great culture and team! We offer in-office, hybrid and remote opportunities as work options.",-1,"Toledo, OH",-1,-1,-1,-1,-1,-1
Marketing Automation Specialist,Colorado Public Radio,"$74,850","Colorado Public Radio (CPR) is seeking a Pardot Marketing Analyst.
About the Position:
The Pardot Marketing Analyst is a new position at CPR that will be the subject matter expert for our Pardot and Salesforce Marketing Cloud Engagement platform. You will maximize Pardot’s usage for the entire organization by determining how it can be optimized to help meet revenue and marketing goals. You will develop email marketing automation strategies, plan for system updates and releases, identify inefficiencies in the system and determine best practices on how Pardot is implemented and administered. You will create rules for others to follow in Pardot, provide guidance, maintain the platform on a day-to-day basis and develop a roadmap for growth.
This is not a remote position. The Pardot Analyst is expected to reside in the Denver Metro area upon starting.",3.2,"Englewood, CO",51 to 200 Employees,--,Nonprofit Organization,Broadcast Media,Media & Communication,$5 to $25 million (USD)
Marketing Analyst,Leader Promotions Inc,"$66,500","Marketing Analyst
If your passion and superpower are digging into data to uncover gaps, trends and a-ha’s and turning those insights into actions that you’ll use to drive new customer acquisition and repeat sales growth, this might be the perfect role for you.
As our Marketing Analyst, you’ll love all things associated with customer behavior and apply your unique mix of marketing knowledge, technical acumen, and killer analytical skills to continually optimize inquiry and conversion performance while keeping marketing costs at or below thresholds.
Daily, you’ll be “elbow-deep” in evaluating omni-channel marketing data from multiple channels such as company website, social media, search engine optimization, email, print and more. You’ll be one of our resident experts on our core target customers and their key psychographic, demographic and socio-graphic makeup. You’ll have a strong testing strategy to validate your hypothesis and create more rocket fuel for our aggressive growth strategy and plans.",4.2,Remote,51 to 200 Employees,1995,Company - Private,Advertising & Public Relations,Media & Communication,Unknown / Non-Applicable
Marketing Analyst,Winsome House Inc,"$4,750","Essential Duties and Responsibilities:
-Conduct weekly, and monthly sales data reports and monitor sales performance -Provide data-driven insights to improve ranking, traffic, and revenue KPIs
-Create multivariate data forecast models to help predict potential business scenarios -Manage, maintain, and using internal database system to organize and store data
-Conduct market research and industry data reports -Working with Managers on SOP optimizations -Working with Managers on Supply Chain and Logistics Management Position Requirements:
-Bachelor's degree in Applied Statistics, Data Analytics, Business Analytics, Marketing or related fields; or relevant experience.
-Proficient in advanced Microsoft Excel (VLOOKUP's, pivot tables), R/Python, SQL",-1,"Corona, CA",-1,-1,-1,-1,-1,-1
Jr. Digital Marketing Specialist - Strategy Track,webfx.com,"$45,250","Hi there! We're WebFX, a full-service digital marketing agency based in the US. We've been named the Best Place To Work in Pennsylvania 9 times in a row and we'd love to meet you! We are a fast-growing company that has doubled in size over the past 5 years, with talented team members now based around the globe (and representing 18+ different countries!). While we are growing at a rapid rate, we are committed to growing strategically and sustainably, and that starts with growing our team of the #BestCoworkers - that’s where you come in!

We're looking for people to join our mission to provide world-class digital marketing solutions to mid-size businesses around the world. We are passionate about what we do, we’re committed to driving business growth for our clients, and we’re on the hunt for people just like you, who take pride in their work and want to be part of a company that does too.",4.2,"Harrisburg, PA",501 to 1000 Employees,1995,Company - Private,Internet & Web Services,Information Technology,$100 to $500 million (USD)
Senior Marketing Analyst,i3 Broadband,"$85,817","Job Summary:
We are seeking an experienced and highly skilled Business Analyst to join our Marketing team at i3 Broadband. This pivotal role involves extensive work with large data sets, providing crucial insights to support our marketing strategies and sales efforts. The successful candidate will be deeply involved in data manipulation, analysis, and modeling, offering actionable intelligence to guide decision-making processes in our fast-paced telecommunication environment.
Duties/Responsibilities:
Reporting on the Marketing department's defined key performance indicators.
Analyzing online marketing trends, collecting, and analyzing industry data, optimizing, and reporting campaign performance.",4.1,"East Peoria, IL",201 to 500 Employees,1994,Company - Public,"Cable, Internet & Telephone Providers",Telecommunications,Unknown / Non-Applicable
Sales and Marketing Analyst,Kohler Distributing Company,"$70,000","Kohler Distributing Company is the #1 Beer and other Alcoholic beverage wholesale distributor in Northern NJ. We are 315+ team members strong, working in a 250,000 square foot office and warehousing facility. We stride ourselves in providing the best support and service to our nearly 3000 retail customers.
We are currently looking for a new Sales and Marketing Analyst to join our Team. This position reports to our V.P. of Sales and Marketing. This position will be responsible for collecting and analyzing sales and marketing data to provide useful recommendations to increase sales productivity. The information provided will serve to evaluate business opportunities and brand development in our marketplace.
Position Responsibilities:",3.5,"Hawthorne, NJ",201 to 500 Employees,1941,Company - Private,Wholesale,Retail & Wholesale,Unknown / Non-Applicable
E-Commerce Marketing Associate (Analytical) (Hybrid Remote),Reli.,$26.50,"Reli. is a rapidly growing eCommerce company selling on Amazon (www.amazon.com/reli), Walmart, Shopify (ShopReli.com), and eBay seeing 100% year over year growth. We currently service 7,000+ orders daily across our eCommerce marketplaces, with over 1,000,000+ unique customers such as Marvel, Dominos, and Lululemon.
We are seeking a highly motivated and data-driven individual to join our advertising team! As a ”Product Team"" member of Reli. You will play a crucial role in helping to manage and optimize our ad campaigns. This position requires a strong analytical mindset and a passion for leveraging data analytics to drive advertising success. If you are detail-oriented, resourceful, and have a keen eye for optimization, we want to hear from you!
This is a starting position with very high potential for advancement and career growth!
Starting wage will depend on experience and educational background.",-1,"Cerritos, CA",Unknown,--,Company - Private,Other Retail Stores,Retail & Wholesale,Unknown / Non-Applicable
Senior BI Marketing Analyst,The Key,-1,"For nearly 20 years, TheKey (formerly Home Care Assistance) has helped clients achieve successful long-term aging at home with comprehensive, concierge-based care. Ensuring the dignity, safety, and independence of its clients, TheKey is committed to changing how the world lives and ages at home. Employee-teams get the training, resources, and support they need to deliver an exceptional care experience for clients and their families. Founded in Silicon Valley, TheKey has grown from a single location to service coverage throughout North America enabling clients to live life on their own terms, in their own homes. View our
video
to learn more about TheKey.

Qualifications:",2.9,Florida,1 to 50 Employees,--,Company - Private,--,--,Unknown / Non-Applicable
Jr. Internet Marketing Specialist,webfx.com,"$47,000","Hi there! We're WebFX, a full-service digital marketing agency based in the US. We've been named the Best Place To Work in Pennsylvania 9 times in a row and we'd love to meet you! We are a fast-growing company that has doubled in size over the past 5 years, with talented team members now based around the globe (and representing 18+ different countries!). While we are growing at a rapid rate, we are committed to growing strategically and sustainably, and that starts with growing our team of the #BestCoworkers - that’s where you come in!

We're looking for people to join our mission to provide world-class digital marketing solutions to mid-size businesses around the world. We are passionate about what we do, we’re committed to driving business growth for our clients, and we’re on the hunt for people just like you, who take pride in their work and want to be part of a company that does too.",4.2,"Harrisburg, PA",501 to 1000 Employees,1995,Company - Private,Internet & Web Services,Information Technology,$100 to $500 million (USD)
"Hybrid - Paid Search Analyst ($100K, Google Analytics Cert.)",#twiceasnice Recruiting,"$92,500","Digital Marketing Analyst (Google Analytics Cert. Req.) - HYBRID
Location: Within ~1.5 hours of North Philadelphia (PA, NJ, NY)
Salary: $85,000-$100,000+ plus discretionary annual bonus ~10%
Benefits: Medical, Dental, & Vision (Company pays 100% for Families) + PTO
Job Type: Full-Time
Hybrid Schedule: 4 days remote & 1 day in office (Th)
Typical Hours: 8:00am – 4:00pm EST Flexible
Start Date: ASAP
Sponsorship: Not available
Relocation Assistance: Not Available
Digital Marketing Analyst (Google Analytics Cert. Req.) – HYBRID Description",4.6,"Trenton, NJ",51 to 200 Employees,2017,Company - Private,HR Consulting,Human Resources & Staffing,Unknown / Non-Applicable
Jr. Digital Marketing Account Executive,webfx.com,"$47,000","Hi there! We're WebFX, a full-service digital marketing agency based in the US. We've been named the Best Place To Work in Pennsylvania 9 times in a row and we'd love to meet you! We are a fast-growing company that has doubled in size over the past 5 years, with talented team members now based around the globe (and representing 18+ different countries!). While we are growing at a rapid rate, we are committed to growing strategically and sustainably, and that starts with growing our team of the #BestCoworkers - that’s where you come in!

We're looking for people to join our mission to provide world-class digital marketing solutions to mid-size businesses around the world. We are passionate about what we do, we’re committed to driving business growth for our clients, and we’re on the hunt for people just like you, who take pride in their work and want to be part of a company that does too.",4.2,"Harrisburg, PA",501 to 1000 Employees,1995,Company - Private,Internet & Web Services,Information Technology,$100 to $500 million (USD)
"Sr. Performance Marketing Analyst (I, II)","Connexity, a Taboola company","$120,000","Are you an entrepreneurial minded and business savvy Analyst? Do you want work for a company that has: an award-winning culture, modern technology products, and distinguished clients (Enterprise Retailers & Publishers), and is in growth mode? Does problem-solving in a dynamic, fast-paced environment, describe your preference? Do you enjoy mentoring and influencing others, and being part of a collaborative team? If you answered, “Yes,” to all of the above, then we want to hear from you.
As a Sr. Performance Marketing Analyst (I, II) on our Traffic Acquisition and Analytics Team, you’ll dive deep into big data to extract, analyze, and report on findings that drive growth for Connexity, Inc. and our clients. You’ll monitor and optimize sales performance on high-growth channels (Social, Search, Native, etc.), identify opportunities and risks for growth, and present and execute on recommendations for improving the overall health of our retail performance marketing network. You'll contribute on both the supply (customer acquisition channels) and demand (managing strategic retailers) sides of the business.",-1,"Los Angeles, CA",-1,-1,-1,-1,-1,-1
"Marketing Analyst, remote",Mckinney-Vento Learning LLC,"$57,820","McKinney-Vento Learning partners with school districts to ensure that students in unstable situations can access the necessary learning and personal development resources.
Our technology and training helps schools understand how to identify and assist students experiencing homelessness or instability, ensuring equitable learning opportunities for all.
Overview:
The Marketing Analyst will utilize data to create effective marketing strategies across various platforms. This role requires advanced data analysis, strategic planning, and problem-solving. Analyze market trends and data to create targeted marketing strategies. You will work cross-funtionally to optimize our marketing efforts and promote the adoption of our technology.
Responsibilities:",-1,Remote,-1,-1,-1,-1,-1,-1
Marketing Analyst,On Target Staffing LLC,$45.00,"JOB DESCRIPTION
The Insights Analyst provides support to the GAF Insights in the execution of Voice of the Customer and Market Research initiatives, the results of which will drive GAF’s overall Brand, Product, Advertising, Marketing and Customer Program strategy.
The Insights Analyst is responsible for assisting the various functions across GAF with marketing research, consumer and customer insights projects to drive the strategy for new product development, branding efforts, contractor programs and other key aspects of marketing. This role is focused on Research Operations, Project Management and Conducting marketing research and analysis by leveraging company tools or through managing vendor relationships.
The ideal candidate will have an analytical mindset while being intellectually curious as they help develop and deliver the information that will drive and support Marketing Strategy. This person is Customer Obsessed - a listener and asks questions while working with their customers to clearly identify needs upon which to base and develop insights requests and market research plans. Marketing research experience is preferred, but willing to train the right candidate with prior project management and analysis experience.",4.3,"Parsippany, NJ",Unknown,--,Company - Public,Staffing & Subcontracting,Human Resources & Staffing,Unknown / Non-Applicable
Marketing Strategy & Analytics Analyst,Red Canary,"$114,240","Who We Are
Red Canary was founded to create a world where every organization can make its greatest impact without fear of cyber threats. We’re a cyber security company who protects, supports and empowers organizations to make better security decisions so they can focus on their mission without fear of cyber threats.

The combination of our market-defining technology and expertise prevents breaches every day and sets a new standard for partnership in the industry. We’re united in our commitment to customers and grounded in our values, which earned us a place on the Forbes Best Start-up Employers 2022 list. If our mission resonates with you, let’s talk.",3.7,Remote,201 to 500 Employees,2014,Company - Private,Enterprise Software & Network Solutions,Information Technology,Unknown / Non-Applicable
Sr. Digital Marketing Analyst,"MV Learning, LLC",-1,"The Digital Marketing Analyst transforms data into decisive marketing strategies through expert data analysis, strategic planning, and problem-solving.
Description
McKinney-Vento Learning partners with school districts to ensure that students in unstable situations can access the necessary learning and personal development resources. Our technology and training helps schools understand how to identify and assist students experiencing homelessness or instability, ensuring equitable learning opportunities for all.

Overview:
The Digital Marketing Analyst will effectively turn data into decisive strategies across various platforms. This role is designed for individuals who excel in data analysis, strategic planning, and problem-solving. You will focus on analyzing market trends and data to inform targeted marketing strategies. This position requires a collaborative approach, working cross-functionally to optimize our marketing efforts and drive the adoption of our technology.",5.0,United States,1 to 50 Employees,2019,Company - Private,Education & Training Services,Education,Unknown / Non-Applicable
Marketing Analyst,Cambium Learning Group,-1,"Job Responsibilities:
Working closely with the Director, Marketing Strategy & Analytics, you will review, combine, and evaluate transactional data, digital analytics data, and other third-party data to optimize both online and offline marketing tactics and strategies
As the Senior Marketing Analyst, you will be tasked with generating reports and analyses for paid, social media, website, and CRM/email sources to enable data-driven decision-making throughout the organization
Provide support for ad-hoc data & research requests, and data pulls as needed
Provide support for implementation of new tools (digital tracking)
Job Requirements:",4.3,Remote,1001 to 5000 Employees,2004,Company - Private,Primary & Secondary Schools,Education,$500 million to $1 billion (USD)
Digital Marketing Analyst,The IRONMAN Group,-1,"Description:
The IRONMAN Group operates a global portfolio of events that includes the IRONMAN® Triathlon Series, the IRONMAN® 70.3® Triathlon Series, 5150™ Triathlon Series, the Rock ‘n’ Roll® Running Series, IRONKIDS®, World Triathlon Championship Series, Epic Series™ mountain bike races including the Absa Cape Epic®, road cycling events including Haute Route®, and other multisport races.
The IRONMAN Group is the largest operator of mass participation sports in the world and provides more than a million participants annually with the benefits of endurance sports through the company’s vast offerings. Since the inception of the iconic IRONMAN® brand and its first event in 1978, athletes have proven that ANYTHING IS POSSIBLE® by crossing finish lines around the world. Beginning as a single race, The IRONMAN Group has grown to become a global sensation with hundreds of events across 55+ countries. For more information about The IRONMAN Group visit: www.ironman.com.
Requirements:",3.0,Remote,201 to 500 Employees,1990,Company - Private,--,--,$5 to $25 million (USD)
Marketing Data Analyst,Confidential,-1,"We are a well-established Health & Wellness eCommerce company looking for a Marketing Data Analyst to join our Marketing team and help us make data driven decisions that drive customer engagement and sales growth. You will think strategically, optimize analytics tools, develop insightful analysis, communicate findings to senior leaders, and work effectively as part of a cross-functional team. This role will report to our VP of Marketing and Chief Growth Officer.
Responsibilities:
Analyze sales funnels and customer behavior
Measure ROI of marketing efforts
Collect and report on KPIs for email campaigns, social media, paid digital, ecommerce websites, and more
Conduct competitive research and analyze benchmarking data
Recommend optimizations for ecommerce websites and marketing campaigns
Research, implement, and optimize our data collection and analytics tools
Verify the accuracy and relevance of our data
Requirements:
Bachelor’s degree required in Marketing Analytics or related field
2-3 years of experience as a Marketing Analyst or similar role
Experience/understanding of PPC campaigns, SEM campaign strategies and SEO practices
Proficient in Microsoft Office (Word, Excel, etc.)
Excellent organizational skills
Strong communicator, positive team member, and enthusiastic problem-solver
Detail-oriented, works efficiently, and consistently meets deadlines
What we offer:
100% of the cost for medical, dental, and vision insurance for the employee.
Additional coverage is available for dependents. We cover 40% of the cost and the employee is responsible for 60% of the cost.
We cover long-term disability costs.
Voluntary benefits include short-term disability and employee and dependent life insurance.
Generous PTO plan that increases over time.
7 paid holidays per year and one floating holiday (employee’s choice).
401k enrollment eligibility is on the 1st of the month following the first 30 days of employment. We contribute to the plan after only 6 months of service and match your 401k contribution as follows: 25% match on deferrals up to 8% of pay.
Job Type: Full-time
Benefits:
401(k)
401(k) matching
Dental insurance
Health insurance
Life insurance
Paid time off
Vision insurance
Schedule:
Monday to Friday
Ability to commute/relocate:
Wilmington, DE: Reliably commute or planning to relocate before starting work (Required)
Application Question(s):
Will you now, or in the future, require sponsorship for employment visa status (e.g. H-1B visa status)?
Education:
Bachelor's (Required)
Experience:
SQL: 2 years (Required)
Marketing: 2 years (Required)
Work Location: In person",-1,"Wilmington, DE",-1,-1,-1,-1,-1,-1
Digital Marketing Specialist - Account Manager,webfx.com,"$54,749","Hi there! We're WebFX, a full-service digital marketing agency based in the US. We've been named the Best Place To Work in Pennsylvania 9 times in a row and we'd love to meet you! We are a fast-growing company that has doubled in size over the past 5 years, with talented team members now based around the globe (and representing 18+ different countries!). While we are growing at a rapid rate, we are committed to growing strategically and sustainably, and that starts with growing our team of the #BestCoworkers - that’s where you come in!

We're looking for people to join our mission to provide world-class digital marketing solutions to mid-size businesses around the world. We are passionate about what we do, we’re committed to driving business growth for our clients, and we’re on the hunt for people just like you, who take pride in their work and want to be part of a company that does too.",4.2,"Harrisburg, PA",501 to 1000 Employees,1995,Company - Private,Internet & Web Services,Information Technology,$100 to $500 million (USD)
Jr. Marketing Analyst,eJam,$20.00,"eJam is a rapidly growing eCommerce company seeking someone ambitious and analytical to learn about Digital Marketing. The Marketing Analyst position does not require any previous experience - just a college degree, love for analyzing numbers and the hunger to learn.
Founded in 2017, eJam is a direct-to-consumer brand incubator; focused on creating products that people love. Today, we own and operate a portfolio of brands with products that put you first. We take a unique approach to each brand and every product, making sure that we are fulfilling a real need while helping to shift the status quo.
As a Marketing Analyst you will be responsible for developing, executing, optimizing and measuring marketing campaigns that drive new customers to purchase. You will own end-to-end performance of our paid digital marketing channels which may include paid search, display, video, social and/or mobile advertising. No previous marketing experience required.",4.0,"Santa Ana, CA",1 to 50 Employees,--,Unknown,--,--,Unknown / Non-Applicable
Junior Marketing Analyst,DUOPEAK,"$76,407","At DuoPeak we’re a team of passionate and hard working individuals with a real love for mobile games. We found ourselves enamored with understanding the process of what makes a game successful. Through our combined understanding, we found that the real essence of a successful game comes down to three things: Product, Marketing and Operations. What we’re looking for is the right Marketing Manager, who will thrive in an environment that is hands on and is always looking for ways to improve and further our strategy. We are offering a large opportunity for growth.
DuoPeak is seeking a junior marketing specialist. The applicant must be a self-starter and be able to execute successful paid internet campaigns for our clients.
Job Type: Full-time

Key Responsibilities:






Apply",-1,"Menlo Park, CA",51 to 200 Employees,--,Company - Private,--,--,Unknown / Non-Applicable
"Analyst, Growth Marketing",Starz,"$80,000","Department: Marketing & Publicity
Location: Santa Monica, CA, US, 90404
Summary of Position
The Growth Marketing Analyst will focus on acquiring high quality customers for a top-tier TV streaming service by developing and executing on channels like Facebook, Google, Twitter, Pinterest and more. The ideal candidate is an analytical and strategic thinker with high attention to detail, but also has an ability to think creatively (attention to visuals, ability to write copy, etc). In this role, the Analyst will get hands on experience building and optimizing high-impact campaigns while building a strong foundation of knowledge and skills in the growth marketing space.
Responsibilities",3.3,"Santa Monica, CA",501 to 1000 Employees,1994,Subsidiary or Business Segment,Broadcast Media,Media & Communication,$1 to $5 billion (USD)
Data Driven Marketing Analyst - Performance Optimization,Deluxe,"$89,000","FMCG Direct is the full-service data driven marketing agency of Deluxe Corporation – with decades-long experience helping clients gain the competitive edge they need to grow market share. Deluxe Corporation is a $2B trusted, tech-enabled solutions provider serving nearly 5 million small businesses and over 4,600 financial institutions.
FMCG Direct is located in New York City (Manhattan) and this position will be starting on July 2024 and is in office.
The Performance Optimization team is responsible for delivering reporting and analytics to communicate the results of our data-driven marketing campaigns. Analysts are responsible for building clear, engaging reporting collateral, identifying key insights, and driving program optimizations in collaboration with internal and external stakeholders.
The firm selects analysts for their exceptional intelligence, analytical ability, technical proficiency, and communication skills. Those selected also demonstrate a high energy level, a willingness to work exceptionally hard, and a belief in personal responsibility to make their end product better.


Annual Salary: $89,000.00 - $89,000.00",3.2,"New York, NY",5001 to 10000 Employees,1915,Company - Public,Financial Transaction Processing,Financial Services,$1 to $5 billion (USD)
Marketing Analyst,Eurpac Service Incorporated,"$65,782","Eurpac Marketing Retail and Logistics a division of Eurpac Service, Inc. is looking for qualified candidates to work in its consumer goods distribution operation. We are looking for a Marketing Analyst to join our team in our Prince George, Virginia office!

Benefits:
Medical, dental and life insurance coverage after 60 days of employment
401(k) with an employer match after one year of service
Employee Stock Ownership Plan after one year of service
Paid holidays and generous paid time off
Floating Holidays",3.0,"Prince George, VA",501 to 1000 Employees,--,Company - Private,Taxi & Car Services,Transportation & Logistics,$100 to $500 million (USD)
Marketing Analyst,Aramark,"$62,440","Job Description
Aramark Student Nutrition provides food and nutrition services to over 350 school districts in the U.S. It offers public and private education institutions a variety of dining options including breakfast and lunch programs, after-school snacks, catering, nutrition education and retail operations. We partner with schools to create culinary experiences that propel students to success. Our goal is to provide healthy, nutritional meals with a stellar dining experience for our communities. For more information on Aramark's Student Nutrition food service programs, please visit Aramark Student Nutrition.

The Marketing Analyst supports the development of category and proprietary brand innovation for retail, residential and catering channels as a key member of the Marketing Team. Responsibilities include implementation of program development and activation support for retail, residential dining, catering, convenience, and other services with a strong focus on developing and executing an end-to-end solution. This position will gather feedback pre- and post- program development from key internal stakeholders to ensure program success.",3.3,"Benton, AR",10000+ Employees,1959,Company - Public,Catering & Food Service Contractors,Restaurants & Food Service,$10+ billion (USD)
Jr. Online Advertising Specialist - Creative Track,webfx.com,"$45,250","Hi there! We're WebFX, a full-service digital marketing agency based in the US. We've been named the Best Place To Work in Pennsylvania 9 times in a row and we'd love to meet you! We are a fast-growing company that has doubled in size over the past 5 years, with talented team members now based around the globe (and representing 18+ different countries!). While we are growing at a rapid rate, we are committed to growing strategically and sustainably, and that starts with growing our team of the #BestCoworkers - that’s where you come in!

We're looking for people to join our mission to provide world-class digital marketing solutions to mid-size businesses around the world. We are passionate about what we do, we’re committed to driving business growth for our clients, and we’re on the hunt for people just like you, who take pride in their work and want to be part of a company that does too.",4.2,"Harrisburg, PA",501 to 1000 Employees,1995,Company - Private,Internet & Web Services,Information Technology,$100 to $500 million (USD)
Growth Marketing Analyst,"Hydrow, Inc.","$70,694","Boston, MA or Remote
Marketing /
Full-Time
/ Hybrid
WHO WE ARE

If you ask us, we’re the perfect mix of athletes, entrepreneurs, engineers, and creatives. Our diverse backgrounds and shared values are what help make Hydrow great. Our mission is not just to create an amazing fitness experience, but a beautiful human experience - one that’s honest, inclusive, and positive.. Hydrow is the Live Outdoor Reality (LOR)™ rowing machine that delivers on-water experiences at home with workouts led by world-class athletes. At Hydrow, you’ll have the chance to shape a company that is disrupting the fitness industry while creating engaging content unmatched in the marketplace today. Sound exciting? That’s because it is!",4.3,"Boston, MA",51 to 200 Employees,2017,Company - Private,Beauty & Wellness,Personal Consumer Services,Unknown / Non-Applicable
Junior Marketing Analyst,Linarc,-1,"The Marketing Intern will assist the marketing team in implementing all marketing activities, working closely to increase brand awareness, drive sales, and ultimately generate new business leads. This entry-level internship position requires one to two years of experience, allowing aspiring marketers to gain hands-on experience in a corporate setting.
Location: USA
Department: Marketing
Reports To: Marketing Manager
Key Responsibilities:
Social Media Management: Assist in managing social media platforms (e.g., Facebook, Twitter, LinkedIn) and drive engagement by creating high-quality original content.",4.1,United States,1 to 50 Employees,--,Company - Private,--,--,Unknown / Non-Applicable
Investment Product Marketing Analyst,Daley and Associates,$32.50,"Investment Product Marketing Analyst

We are currently seeking candidates for an Investment Product Marketing Analyst to join a highly successful Investment Management firm located in Boston, MA. The Investment Product Marketing Analyst will be responsible for responding to client inquiries regarding investment products, creating marketing/communication materials, ensuring compliance, and performing reporting and analysis. The ideal candidate will have 1-3+ years of related marketing, communications, and/or analysis experience in the investment management industry.

This is a 12+ month contract opportunity, paying between $30-$35/hour (depending on experience). This role supports a hybrid work model with 3 days on-site and 2 days remote/week.




For immediate consideration, interested and qualified candidates should send their resume to Jenny at jfriedman@daleyaa.com.



#LI-JF1
#LI-HYBRID
IND123",4.2,"Boston, MA",1 to 50 Employees,2005,Company - Private,HR Consulting,Human Resources & Staffing,$5 to $25 million (USD)
Executive Admin/Junior Marketing Analyst,Mayvin Inc,"$50,000","Mayvin is currently seeking experienced applicants for an Executive Assistant (EA) position with some possible marketing expertise. The EA will support the C-Suite directly as well as local offices. The position is located at the Corporate HQ in Alexandria, Virginia.

Clearance Required: Secret or Ability to get a Secret
Must be a U.S. Citizen.
This position is on-site working in Alexandria, VA.

Responsibilities:
Provides administrative support to the Executive team and various departments, supporting approximately 500 professionals in over 30 states and OCONUS.",4.6,"Alexandria, VA",51 to 200 Employees,2008,Company - Private,Business Consulting,Management & Consulting,Unknown / Non-Applicable
Marketing Analyst (419),OSG USA,"$72,788","Marketing Analyst
OSG USA, INC. is a leading manufacturer of taps, endmills, drills, and indexable cutting tools. OSG also serves the fastener industry by offering a complete line of thread rolling, flat, cylindrical, and planetary, rack and trim dies. The company markets its products to numerous industries including automotive, die mold, aerospace, energy, heavy industry, and dental.
** Only local candidates will be considered for this position.
Position Summary:
We are seeking a Marketing Analyst to join our growing team! The Marketing Analyst plays an important role being responsible for collecting and interpreting data about OSG’s customers, and buying habits and analyzing market trends to help develop strategies and drive informed decisions. The marketing analyst will be responsible for the management of OSG’s CRM database, and work closely with organization stakeholders and cross-functional leaders by leveraging data insights and behaviors to develop innovative marketing strategies and tactics. This role will develop and track campaigns that drive business results while managing strategies, execution, and optimization across multiple channels.",3.9,"Saint Charles, IL",5001 to 10000 Employees,--,Company - Public,Machinery Manufacturing,Manufacturing,$10+ billion (USD)
Marketing Analyst,"Ignite on Purpose, subsidiary of Share on Purpose, Inc.","$45,000","Five Important Things You’ll Be Doing:
#1 – Get Stuff Done!
There are no small jobs at Share On Purpose. Each person and task is essential to success. Each team member is responsible for the day-to-day work that ensures we are meeting each client’s goals. These tasks include, but are not limited to, social media analysis, lead-to-sales analysis, trend analysis and website analytics and reporting.
#2 – Data, Analysis, Insights
Being in the day-to-day, the Marketing Analyst is in a prime position to analyze results and provide feedback to the team. We are looking for someone who can think critically about data and trends, provide analysis based on the data, then offer insights to implement strategic shifts to improve results.",-1,Remote,-1,-1,-1,-1,-1,-1
Marketing Analyst,Datalab USA,"$64,290","*No sponsorship available for this role*

Marketing Analyst is the liaison between one or more of DataLab's clients and the internal database programming and analytical teams. This role provides essential support to clients who contract with DataLab for database marketing services. Marketing Analyst coordinates the requirements of the client's database marketing programs and the DataLab teams that support the client. This role requires a high level of problem solving and research skills to troubleshoot client challenges.
To be successful in this position you must have an aptitude for technology and the ability to learn the client’s business quickly, as well as a passion for excellent customer service, improving business processes, and recommending best marketing practices. Excellent communication and multi-tasking skills are essential. Preferably you will have 2-4 years prior customer service experience in a technology setting.",3.8,"Germantown, MD",51 to 200 Employees,--,Company - Private,Information Technology Support Services,Information Technology,Unknown / Non-Applicable
"Growth Marketing Analyst, Paid Social",Thrive Causemetics,"$69,000","Location: In Office 4-5 days/week

Who We Are:

Thrive Causemetics is Bigger Than Beauty™: We are an independent, female-owned beauty brand that creates high-performance vegan cosmetics and supports a community of giving. All of Thrive Causemetics' products are free of parabens and sulfates, in addition to being 100 percent cruelty-free. Through its Bigger Than Beauty™ program, every product you purchase results in a donation to help a woman thrive. Thrive Causemetics is dedicated to fostering a collaborative and cross-functional workplace where everyone’s voice matters. We are committed to being pioneers in creating a culture of wellness. Together, we prioritize a strong work ethic while maintaining a positive, exciting environment where people are passionate about what they do.",3.0,"Los Angeles, CA",51 to 200 Employees,2015,Company - Private,Beauty & Personal Accessories Stores,Retail & Wholesale,Unknown / Non-Applicable
Marketing Analyst,Wondr Health,"$85,000","COMPANY OVERVIEW:
Wondr Health is the proven leader in digital behavior transformation. Leveraging over 15 years of behavior change experience and partnership with health plans and employers, Wondr Health delivers interrelated, personalized, skill-building programs for full-spectrum weight management, mindfulness and movement that improve the physical and emotional health of participants. Powered by data-driven engagement expertise and personalized programming, and supported by expert content and coaching, the company’s flexible and scalable solutions engage populations, improve quality of life and health outcomes, and prevent and reduce the cost of chronic health conditions. To learn more, visit www.wondrhealth.com.
PURPOSE:",3.4,Remote,Unknown,--,Company - Private,Health Care Services & Hospitals,Healthcare,Unknown / Non-Applicable
Senior Marketing Analyst - Remote,"Harbor Freight Tools USA, Inc.","$102,300","As a Sr Marketing Analyst, you will play a critical role in driving growth and improving ROI for our marketing campaigns. You will collaborate with a talented team of analysts to uncover insights and drive results. In this role, you will define and pull audiences, answer ad hoc Marketing data and analysis questions, and prepare and maintain regular Marketing reports. You will also have the opportunity to work on a variety of high-visibility projects alongside senior leadership and develop your skills in areas such as data visualization, statistical analysis, and marketing automation.

Essential Duties and Responsibilities
Complete assigned Marketing reports, identify changes in performance or trends, and communicate to stakeholders.",3.7,"Calabasas, CA",10000+ Employees,1977,Company - Private,Home Furniture & Housewares Stores,Retail & Wholesale,$5 to $10 billion (USD)
Digital Marketing Analyst,Yale New Haven Health,"$76,128","Join Yale New Haven Health!
At Yale New Haven Health, we're seeking a Digital Media Designer and Social Media Manager to drive innovation and craft compelling digital journeys. As part of our mission-driven team, you'll create dynamic web interfaces, applications, and engaging social media content.
This position is hybrid - 3 days in the office.
Responsibilities:
Design and develop interactive experiences while managing social media across our network.
Monitor online communities, troubleshoot, and engage with customers adeptly.",3.7,"New Haven, CT",Unknown,--,Nonprofit Organization,Health Care Services & Hospitals,Healthcare,Unknown / Non-Applicable
Marketing Analyst,Vision Group,"$42,500","Job Title: Marketing/Space analyst
Job Type: Full Time
Job Location: Hybrid
Office location: Hauppauge, New York
Marketing consulting firm seeks highly motivated individual to immediately fill an entry-level position in the space management department.
Our company:
smsb consulting group, inc. Is a division of one of the largest global retail solutions companies, the vision group. As a leader in the retail marketing consulting space, smsb offers planogram services, product imaging & meta content, and business intelligence. Smsb has been servicing leading manufacturers and retailers including many fortune 500 companies for nearly 30 years. Apply today for an exciting opportunity in the space management department.",3.6,"Hauppauge, NY",501 to 1000 Employees,--,Self-employed,Publishing,Media & Communication,Unknown / Non-Applicable
Marketing Analyst,Avyuct LLC,$22.50,"Marketing Analyst
Avyuct is looking for a Marketing Analyst who’ll research and identify ways to build our brand and acquire new clients. Avyuct is a core AI/ML company.
Marketing Analyst responsibilities include reaching out potential customers, tracking advertising costs, researching consumer behavior, and exploring market trends and opportunities. To be successful in this role, you should have excellent communication skills and be comfortable with processing and analyzing marketing data to derive useful insights.
Ultimately, you will help us ensure we spend our marketing budget efficiently and ensure that our customers get familiar with our products.
Responsibilities",-1,Remote,-1,-1,-1,-1,-1,-1
Marketing Analyst,f5,"$127,000","At F5, we strive to bring a better digital world to life. Our teams empower organizations across the globe to create, secure, and run applications that enhance how we experience our evolving digital world. We are passionate about cybersecurity, from protecting consumers from fraud to enabling companies to focus on innovation.

Everything we do centers around people. That means we obsess over how to make the lives of our customers, and their customers, better. And it means we prioritize a diverse F5 community where each individual can thrive.
Position Summary
Marketing Operations is the foundation of F5’s B2B demand generation engine. F5 Marketing Operations is looking for a savvy Marketing Analyst to help fill the increasing demand for reporting and analytics within the Global Marketing organization. This person will report to the Director of Marketing Operations & Analytics and provide tactical support for global marketing program values.
The annual U.S. base pay range for this position is: $101,600.00 - $152,400.00",3.9,"Seattle, WA",5001 to 10000 Employees,1996,Company - Public,Computer Hardware Development,Information Technology,$1 to $5 billion (USD)
Marketing Analyst,Nucor Steel Gallatin LLC,"$65,793","Job Details
Division: Nucor Steel Gallatin LLC
Location: Ghent, KY, United States
Other Available Locations: N/A
Basic Job Functions:
Nucor Steel Gallatin is seeking qualified applicants for the position of Marketing Analyst. Responsibilities include but are not limited to:
Performing various types of data analysis and sales reporting
Developing market plan and production/sales forecast
Reviewing sales orders in cost model",3.4,"Ghent, KY",201 to 500 Employees,1993,Company - Private,Metal & Mineral Manufacturing,Manufacturing,$25 to $100 million (USD)
"Data Analyst, Marketing Strategy & Analytics","Hydrow, Inc.","$93,854","Boston, MA or Remote
Marketing /
Full-Time
/ Hybrid
WHO WE ARE

If you ask us, we’re the perfect mix of athletes, entrepreneurs, engineers, and creatives. Our diverse backgrounds and shared values are what help make Hydrow great. Our mission is not just to create an amazing fitness experience, but a beautiful human experience - one that’s honest, inclusive, and positive.. Hydrow is the Live Outdoor Reality (LOR)™ rowing machine that delivers on-water experiences at home with workouts led by world-class athletes. At Hydrow, you’ll have the chance to shape a company that is disrupting the fitness industry while creating engaging content unmatched in the marketplace today. Sound exciting? That’s because it is!",4.3,"Boston, MA",51 to 200 Employees,2017,Company - Private,Beauty & Wellness,Personal Consumer Services,Unknown / Non-Applicable
Area Marketing Analyst,"NVR, Inc","$67,429","As an Area Marketing Analyst for NVR, parent company of Ryan Homes, you'll help us create, manage and analyze marketing campaigns to help us sell our homes, connecting house-hunting prospects with a new dream home! You'll work alongside our sales management teams to keep advertised information current, compliant, and customer friendly.
Primary Responsibilities
Lead the creation and refinement of the Customer Profile Definitions/community positioning based on information collected from Division Management Team
Lead the development of content that will enhance the customer experience and covert web traffic to leads based on the developed CPDs",3.7,"Raleigh, NC",5001 to 10000 Employees,1948,Company - Public,Construction,"Construction, Repair & Maintenance Services",$10+ billion (USD)
